Issue.year,Issue.age,Sex,Smoker.Status
2001,26,M,NS
2002,26,M,NS
2003,26,M,NS
2004,26,M,NS
2005,26,M,NS
2006,26,M,NS
2007,26,M,NS
2008,26,M,NS
2009,26,M,NS
2010,26,M,NS
2011,26,M,NS
2012,26,M,NS
2013,26,M,NS
2014,26,M,NS
2015,26,M,NS
2016,26,M,NS
2017,26,M,NS
2018,26,M,NS
2019,26,M,NS
2020,26,M,NS
2021,26,M,NS
2022,26,M,NS
2023,26,M,NS
2001,26,M,S
2002,26,M,S
2003,26,M,S
2004,26,M,S
2005,26,M,S
2006,26,M,S
2007,26,M,S
2008,26,M,S
2009,26,M,S
2010,26,M,S
2011,26,M,S
2012,26,M,S
2013,26,M,S
2014,26,M,S
2015,26,M,S
2016,26,M,S
2017,26,M,S
2018,26,M,S
2019,26,M,S
2020,26,M,S
2021,26,M,S
2022,26,M,S
2023,26,M,S
2001,26,F,NS
2002,26,F,NS
2003,26,F,NS
2004,26,F,NS
2005,26,F,NS
2006,26,F,NS
2007,26,F,NS
2008,26,F,NS
2009,26,F,NS
2010,26,F,NS
2011,26,F,NS
2012,26,F,NS
2013,26,F,NS
2014,26,F,NS
2015,26,F,NS
2016,26,F,NS
2017,26,F,NS
2018,26,F,NS
2019,26,F,NS
2020,26,F,NS
2021,26,F,NS
2022,26,F,NS
2023,26,F,NS
2001,26,F,S
2002,26,F,S
2003,26,F,S
2004,26,F,S
2005,26,F,S
2006,26,F,S
2007,26,F,S
2008,26,F,S
2009,26,F,S
2010,26,F,S
2011,26,F,S
2012,26,F,S
2013,26,F,S
2014,26,F,S
2015,26,F,S
2016,26,F,S
2017,26,F,S
2018,26,F,S
2019,26,F,S
2020,26,F,S
2021,26,F,S
2022,26,F,S
2023,26,F,S
2001,27,M,NS
2002,27,M,NS
2003,27,M,NS
2004,27,M,NS
2005,27,M,NS
2006,27,M,NS
2007,27,M,NS
2008,27,M,NS
2009,27,M,NS
2010,27,M,NS
2011,27,M,NS
2012,27,M,NS
2013,27,M,NS
2014,27,M,NS
2015,27,M,NS
2016,27,M,NS
2017,27,M,NS
2018,27,M,NS
2019,27,M,NS
2020,27,M,NS
2021,27,M,NS
2022,27,M,NS
2023,27,M,NS
2001,27,M,S
2002,27,M,S
2003,27,M,S
2004,27,M,S
2005,27,M,S
2006,27,M,S
2007,27,M,S
2008,27,M,S
2009,27,M,S
2010,27,M,S
2011,27,M,S
2012,27,M,S
2013,27,M,S
2014,27,M,S
2015,27,M,S
2016,27,M,S
2017,27,M,S
2018,27,M,S
2019,27,M,S
2020,27,M,S
2021,27,M,S
2022,27,M,S
2023,27,M,S
2001,27,F,NS
2002,27,F,NS
2003,27,F,NS
2004,27,F,NS
2005,27,F,NS
2006,27,F,NS
2007,27,F,NS
2008,27,F,NS
2009,27,F,NS
2010,27,F,NS
2011,27,F,NS
2012,27,F,NS
2013,27,F,NS
2014,27,F,NS
2015,27,F,NS
2016,27,F,NS
2017,27,F,NS
2018,27,F,NS
2019,27,F,NS
2020,27,F,NS
2021,27,F,NS
2022,27,F,NS
2023,27,F,NS
2001,27,F,S
2002,27,F,S
2003,27,F,S
2004,27,F,S
2005,27,F,S
2006,27,F,S
2007,27,F,S
2008,27,F,S
2009,27,F,S
2010,27,F,S
2011,27,F,S
2012,27,F,S
2013,27,F,S
2014,27,F,S
2015,27,F,S
2016,27,F,S
2017,27,F,S
2018,27,F,S
2019,27,F,S
2020,27,F,S
2021,27,F,S
2022,27,F,S
2023,27,F,S
2001,28,M,NS
2002,28,M,NS
2003,28,M,NS
2004,28,M,NS
2005,28,M,NS
2006,28,M,NS
2007,28,M,NS
2008,28,M,NS
2009,28,M,NS
2010,28,M,NS
2011,28,M,NS
2012,28,M,NS
2013,28,M,NS
2014,28,M,NS
2015,28,M,NS
2016,28,M,NS
2017,28,M,NS
2018,28,M,NS
2019,28,M,NS
2020,28,M,NS
2021,28,M,NS
2022,28,M,NS
2023,28,M,NS
2001,28,M,S
2002,28,M,S
2003,28,M,S
2004,28,M,S
2005,28,M,S
2006,28,M,S
2007,28,M,S
2008,28,M,S
2009,28,M,S
2010,28,M,S
2011,28,M,S
2012,28,M,S
2013,28,M,S
2014,28,M,S
2015,28,M,S
2016,28,M,S
2017,28,M,S
2018,28,M,S
2019,28,M,S
2020,28,M,S
2021,28,M,S
2022,28,M,S
2023,28,M,S
2001,28,F,NS
2002,28,F,NS
2003,28,F,NS
2004,28,F,NS
2005,28,F,NS
2006,28,F,NS
2007,28,F,NS
2008,28,F,NS
2009,28,F,NS
2010,28,F,NS
2011,28,F,NS
2012,28,F,NS
2013,28,F,NS
2014,28,F,NS
2015,28,F,NS
2016,28,F,NS
2017,28,F,NS
2018,28,F,NS
2019,28,F,NS
2020,28,F,NS
2021,28,F,NS
2022,28,F,NS
2023,28,F,NS
2001,28,F,S
2002,28,F,S
2003,28,F,S
2004,28,F,S
2005,28,F,S
2006,28,F,S
2007,28,F,S
2008,28,F,S
2009,28,F,S
2010,28,F,S
2011,28,F,S
2012,28,F,S
2013,28,F,S
2014,28,F,S
2015,28,F,S
2016,28,F,S
2017,28,F,S
2018,28,F,S
2019,28,F,S
2020,28,F,S
2021,28,F,S
2022,28,F,S
2023,28,F,S
2001,29,M,NS
2002,29,M,NS
2003,29,M,NS
2004,29,M,NS
2005,29,M,NS
2006,29,M,NS
2007,29,M,NS
2008,29,M,NS
2009,29,M,NS
2010,29,M,NS
2011,29,M,NS
2012,29,M,NS
2013,29,M,NS
2014,29,M,NS
2015,29,M,NS
2016,29,M,NS
2017,29,M,NS
2018,29,M,NS
2019,29,M,NS
2020,29,M,NS
2021,29,M,NS
2022,29,M,NS
2023,29,M,NS
2001,29,M,S
2002,29,M,S
2003,29,M,S
2004,29,M,S
2005,29,M,S
2006,29,M,S
2007,29,M,S
2008,29,M,S
2009,29,M,S
2010,29,M,S
2011,29,M,S
2012,29,M,S
2013,29,M,S
2014,29,M,S
2015,29,M,S
2016,29,M,S
2017,29,M,S
2018,29,M,S
2019,29,M,S
2020,29,M,S
2021,29,M,S
2022,29,M,S
2023,29,M,S
2001,29,F,NS
2002,29,F,NS
2003,29,F,NS
2004,29,F,NS
2005,29,F,NS
2006,29,F,NS
2007,29,F,NS
2008,29,F,NS
2009,29,F,NS
2010,29,F,NS
2011,29,F,NS
2012,29,F,NS
2013,29,F,NS
2014,29,F,NS
2015,29,F,NS
2016,29,F,NS
2017,29,F,NS
2018,29,F,NS
2019,29,F,NS
2020,29,F,NS
2021,29,F,NS
2022,29,F,NS
2023,29,F,NS
2001,29,F,S
2002,29,F,S
2003,29,F,S
2004,29,F,S
2005,29,F,S
2006,29,F,S
2007,29,F,S
2008,29,F,S
2009,29,F,S
2010,29,F,S
2011,29,F,S
2012,29,F,S
2013,29,F,S
2014,29,F,S
2015,29,F,S
2016,29,F,S
2017,29,F,S
2018,29,F,S
2019,29,F,S
2020,29,F,S
2021,29,F,S
2022,29,F,S
2023,29,F,S
2001,30,M,NS
2002,30,M,NS
2003,30,M,NS
2004,30,M,NS
2005,30,M,NS
2006,30,M,NS
2007,30,M,NS
2008,30,M,NS
2009,30,M,NS
2010,30,M,NS
2011,30,M,NS
2012,30,M,NS
2013,30,M,NS
2014,30,M,NS
2015,30,M,NS
2016,30,M,NS
2017,30,M,NS
2018,30,M,NS
2019,30,M,NS
2020,30,M,NS
2021,30,M,NS
2022,30,M,NS
2023,30,M,NS
2001,30,M,S
2002,30,M,S
2003,30,M,S
2004,30,M,S
2005,30,M,S
2006,30,M,S
2007,30,M,S
2008,30,M,S
2009,30,M,S
2010,30,M,S
2011,30,M,S
2012,30,M,S
2013,30,M,S
2014,30,M,S
2015,30,M,S
2016,30,M,S
2017,30,M,S
2018,30,M,S
2019,30,M,S
2020,30,M,S
2021,30,M,S
2022,30,M,S
2023,30,M,S
2001,30,F,NS
2002,30,F,NS
2003,30,F,NS
2004,30,F,NS
2005,30,F,NS
2006,30,F,NS
2007,30,F,NS
2008,30,F,NS
2009,30,F,NS
2010,30,F,NS
2011,30,F,NS
2012,30,F,NS
2013,30,F,NS
2014,30,F,NS
2015,30,F,NS
2016,30,F,NS
2017,30,F,NS
2018,30,F,NS
2019,30,F,NS
2020,30,F,NS
2021,30,F,NS
2022,30,F,NS
2023,30,F,NS
2001,30,F,S
2002,30,F,S
2003,30,F,S
2004,30,F,S
2005,30,F,S
2006,30,F,S
2007,30,F,S
2008,30,F,S
2009,30,F,S
2010,30,F,S
2011,30,F,S
2012,30,F,S
2013,30,F,S
2014,30,F,S
2015,30,F,S
2016,30,F,S
2017,30,F,S
2018,30,F,S
2019,30,F,S
2020,30,F,S
2021,30,F,S
2022,30,F,S
2023,30,F,S
2001,31,M,NS
2002,31,M,NS
2003,31,M,NS
2004,31,M,NS
2005,31,M,NS
2006,31,M,NS
2007,31,M,NS
2008,31,M,NS
2009,31,M,NS
2010,31,M,NS
2011,31,M,NS
2012,31,M,NS
2013,31,M,NS
2014,31,M,NS
2015,31,M,NS
2016,31,M,NS
2017,31,M,NS
2018,31,M,NS
2019,31,M,NS
2020,31,M,NS
2021,31,M,NS
2022,31,M,NS
2023,31,M,NS
2001,31,M,S
2002,31,M,S
2003,31,M,S
2004,31,M,S
2005,31,M,S
2006,31,M,S
2007,31,M,S
2008,31,M,S
2009,31,M,S
2010,31,M,S
2011,31,M,S
2012,31,M,S
2013,31,M,S
2014,31,M,S
2015,31,M,S
2016,31,M,S
2017,31,M,S
2018,31,M,S
2019,31,M,S
2020,31,M,S
2021,31,M,S
2022,31,M,S
2023,31,M,S
2001,31,F,NS
2002,31,F,NS
2003,31,F,NS
2004,31,F,NS
2005,31,F,NS
2006,31,F,NS
2007,31,F,NS
2008,31,F,NS
2009,31,F,NS
2010,31,F,NS
2011,31,F,NS
2012,31,F,NS
2013,31,F,NS
2014,31,F,NS
2015,31,F,NS
2016,31,F,NS
2017,31,F,NS
2018,31,F,NS
2019,31,F,NS
2020,31,F,NS
2021,31,F,NS
2022,31,F,NS
2023,31,F,NS
2001,31,F,S
2002,31,F,S
2003,31,F,S
2004,31,F,S
2005,31,F,S
2006,31,F,S
2007,31,F,S
2008,31,F,S
2009,31,F,S
2010,31,F,S
2011,31,F,S
2012,31,F,S
2013,31,F,S
2014,31,F,S
2015,31,F,S
2016,31,F,S
2017,31,F,S
2018,31,F,S
2019,31,F,S
2020,31,F,S
2021,31,F,S
2022,31,F,S
2023,31,F,S
2001,32,M,NS
2002,32,M,NS
2003,32,M,NS
2004,32,M,NS
2005,32,M,NS
2006,32,M,NS
2007,32,M,NS
2008,32,M,NS
2009,32,M,NS
2010,32,M,NS
2011,32,M,NS
2012,32,M,NS
2013,32,M,NS
2014,32,M,NS
2015,32,M,NS
2016,32,M,NS
2017,32,M,NS
2018,32,M,NS
2019,32,M,NS
2020,32,M,NS
2021,32,M,NS
2022,32,M,NS
2023,32,M,NS
2001,32,M,S
2002,32,M,S
2003,32,M,S
2004,32,M,S
2005,32,M,S
2006,32,M,S
2007,32,M,S
2008,32,M,S
2009,32,M,S
2010,32,M,S
2011,32,M,S
2012,32,M,S
2013,32,M,S
2014,32,M,S
2015,32,M,S
2016,32,M,S
2017,32,M,S
2018,32,M,S
2019,32,M,S
2020,32,M,S
2021,32,M,S
2022,32,M,S
2023,32,M,S
2001,32,F,NS
2002,32,F,NS
2003,32,F,NS
2004,32,F,NS
2005,32,F,NS
2006,32,F,NS
2007,32,F,NS
2008,32,F,NS
2009,32,F,NS
2010,32,F,NS
2011,32,F,NS
2012,32,F,NS
2013,32,F,NS
2014,32,F,NS
2015,32,F,NS
2016,32,F,NS
2017,32,F,NS
2018,32,F,NS
2019,32,F,NS
2020,32,F,NS
2021,32,F,NS
2022,32,F,NS
2023,32,F,NS
2001,32,F,S
2002,32,F,S
2003,32,F,S
2004,32,F,S
2005,32,F,S
2006,32,F,S
2007,32,F,S
2008,32,F,S
2009,32,F,S
2010,32,F,S
2011,32,F,S
2012,32,F,S
2013,32,F,S
2014,32,F,S
2015,32,F,S
2016,32,F,S
2017,32,F,S
2018,32,F,S
2019,32,F,S
2020,32,F,S
2021,32,F,S
2022,32,F,S
2023,32,F,S
2001,33,M,NS
2002,33,M,NS
2003,33,M,NS
2004,33,M,NS
2005,33,M,NS
2006,33,M,NS
2007,33,M,NS
2008,33,M,NS
2009,33,M,NS
2010,33,M,NS
2011,33,M,NS
2012,33,M,NS
2013,33,M,NS
2014,33,M,NS
2015,33,M,NS
2016,33,M,NS
2017,33,M,NS
2018,33,M,NS
2019,33,M,NS
2020,33,M,NS
2021,33,M,NS
2022,33,M,NS
2023,33,M,NS
2001,33,M,S
2002,33,M,S
2003,33,M,S
2004,33,M,S
2005,33,M,S
2006,33,M,S
2007,33,M,S
2008,33,M,S
2009,33,M,S
2010,33,M,S
2011,33,M,S
2012,33,M,S
2013,33,M,S
2014,33,M,S
2015,33,M,S
2016,33,M,S
2017,33,M,S
2018,33,M,S
2019,33,M,S
2020,33,M,S
2021,33,M,S
2022,33,M,S
2023,33,M,S
2001,33,F,NS
2002,33,F,NS
2003,33,F,NS
2004,33,F,NS
2005,33,F,NS
2006,33,F,NS
2007,33,F,NS
2008,33,F,NS
2009,33,F,NS
2010,33,F,NS
2011,33,F,NS
2012,33,F,NS
2013,33,F,NS
2014,33,F,NS
2015,33,F,NS
2016,33,F,NS
2017,33,F,NS
2018,33,F,NS
2019,33,F,NS
2020,33,F,NS
2021,33,F,NS
2022,33,F,NS
2023,33,F,NS
2001,33,F,S
2002,33,F,S
2003,33,F,S
2004,33,F,S
2005,33,F,S
2006,33,F,S
2007,33,F,S
2008,33,F,S
2009,33,F,S
2010,33,F,S
2011,33,F,S
2012,33,F,S
2013,33,F,S
2014,33,F,S
2015,33,F,S
2016,33,F,S
2017,33,F,S
2018,33,F,S
2019,33,F,S
2020,33,F,S
2021,33,F,S
2022,33,F,S
2023,33,F,S
2001,34,M,NS
2002,34,M,NS
2003,34,M,NS
2004,34,M,NS
2005,34,M,NS
2006,34,M,NS
2007,34,M,NS
2008,34,M,NS
2009,34,M,NS
2010,34,M,NS
2011,34,M,NS
2012,34,M,NS
2013,34,M,NS
2014,34,M,NS
2015,34,M,NS
2016,34,M,NS
2017,34,M,NS
2018,34,M,NS
2019,34,M,NS
2020,34,M,NS
2021,34,M,NS
2022,34,M,NS
2023,34,M,NS
2001,34,M,S
2002,34,M,S
2003,34,M,S
2004,34,M,S
2005,34,M,S
2006,34,M,S
2007,34,M,S
2008,34,M,S
2009,34,M,S
2010,34,M,S
2011,34,M,S
2012,34,M,S
2013,34,M,S
2014,34,M,S
2015,34,M,S
2016,34,M,S
2017,34,M,S
2018,34,M,S
2019,34,M,S
2020,34,M,S
2021,34,M,S
2022,34,M,S
2023,34,M,S
2001,34,F,NS
2002,34,F,NS
2003,34,F,NS
2004,34,F,NS
2005,34,F,NS
2006,34,F,NS
2007,34,F,NS
2008,34,F,NS
2009,34,F,NS
2010,34,F,NS
2011,34,F,NS
2012,34,F,NS
2013,34,F,NS
2014,34,F,NS
2015,34,F,NS
2016,34,F,NS
2017,34,F,NS
2018,34,F,NS
2019,34,F,NS
2020,34,F,NS
2021,34,F,NS
2022,34,F,NS
2023,34,F,NS
2001,34,F,S
2002,34,F,S
2003,34,F,S
2004,34,F,S
2005,34,F,S
2006,34,F,S
2007,34,F,S
2008,34,F,S
2009,34,F,S
2010,34,F,S
2011,34,F,S
2012,34,F,S
2013,34,F,S
2014,34,F,S
2015,34,F,S
2016,34,F,S
2017,34,F,S
2018,34,F,S
2019,34,F,S
2020,34,F,S
2021,34,F,S
2022,34,F,S
2023,34,F,S
2001,35,M,NS
2002,35,M,NS
2003,35,M,NS
2004,35,M,NS
2005,35,M,NS
2006,35,M,NS
2007,35,M,NS
2008,35,M,NS
2009,35,M,NS
2010,35,M,NS
2011,35,M,NS
2012,35,M,NS
2013,35,M,NS
2014,35,M,NS
2015,35,M,NS
2016,35,M,NS
2017,35,M,NS
2018,35,M,NS
2019,35,M,NS
2020,35,M,NS
2021,35,M,NS
2022,35,M,NS
2023,35,M,NS
2001,35,M,S
2002,35,M,S
2003,35,M,S
2004,35,M,S
2005,35,M,S
2006,35,M,S
2007,35,M,S
2008,35,M,S
2009,35,M,S
2010,35,M,S
2011,35,M,S
2012,35,M,S
2013,35,M,S
2014,35,M,S
2015,35,M,S
2016,35,M,S
2017,35,M,S
2018,35,M,S
2019,35,M,S
2020,35,M,S
2021,35,M,S
2022,35,M,S
2023,35,M,S
2001,35,F,NS
2002,35,F,NS
2003,35,F,NS
2004,35,F,NS
2005,35,F,NS
2006,35,F,NS
2007,35,F,NS
2008,35,F,NS
2009,35,F,NS
2010,35,F,NS
2011,35,F,NS
2012,35,F,NS
2013,35,F,NS
2014,35,F,NS
2015,35,F,NS
2016,35,F,NS
2017,35,F,NS
2018,35,F,NS
2019,35,F,NS
2020,35,F,NS
2021,35,F,NS
2022,35,F,NS
2023,35,F,NS
2001,35,F,S
2002,35,F,S
2003,35,F,S
2004,35,F,S
2005,35,F,S
2006,35,F,S
2007,35,F,S
2008,35,F,S
2009,35,F,S
2010,35,F,S
2011,35,F,S
2012,35,F,S
2013,35,F,S
2014,35,F,S
2015,35,F,S
2016,35,F,S
2017,35,F,S
2018,35,F,S
2019,35,F,S
2020,35,F,S
2021,35,F,S
2022,35,F,S
2023,35,F,S
2001,36,M,NS
2002,36,M,NS
2003,36,M,NS
2004,36,M,NS
2005,36,M,NS
2006,36,M,NS
2007,36,M,NS
2008,36,M,NS
2009,36,M,NS
2010,36,M,NS
2011,36,M,NS
2012,36,M,NS
2013,36,M,NS
2014,36,M,NS
2015,36,M,NS
2016,36,M,NS
2017,36,M,NS
2018,36,M,NS
2019,36,M,NS
2020,36,M,NS
2021,36,M,NS
2022,36,M,NS
2023,36,M,NS
2001,36,M,S
2002,36,M,S
2003,36,M,S
2004,36,M,S
2005,36,M,S
2006,36,M,S
2007,36,M,S
2008,36,M,S
2009,36,M,S
2010,36,M,S
2011,36,M,S
2012,36,M,S
2013,36,M,S
2014,36,M,S
2015,36,M,S
2016,36,M,S
2017,36,M,S
2018,36,M,S
2019,36,M,S
2020,36,M,S
2021,36,M,S
2022,36,M,S
2023,36,M,S
2001,36,F,NS
2002,36,F,NS
2003,36,F,NS
2004,36,F,NS
2005,36,F,NS
2006,36,F,NS
2007,36,F,NS
2008,36,F,NS
2009,36,F,NS
2010,36,F,NS
2011,36,F,NS
2012,36,F,NS
2013,36,F,NS
2014,36,F,NS
2015,36,F,NS
2016,36,F,NS
2017,36,F,NS
2018,36,F,NS
2019,36,F,NS
2020,36,F,NS
2021,36,F,NS
2022,36,F,NS
2023,36,F,NS
2001,36,F,S
2002,36,F,S
2003,36,F,S
2004,36,F,S
2005,36,F,S
2006,36,F,S
2007,36,F,S
2008,36,F,S
2009,36,F,S
2010,36,F,S
2011,36,F,S
2012,36,F,S
2013,36,F,S
2014,36,F,S
2015,36,F,S
2016,36,F,S
2017,36,F,S
2018,36,F,S
2019,36,F,S
2020,36,F,S
2021,36,F,S
2022,36,F,S
2023,36,F,S
2001,37,M,NS
2002,37,M,NS
2003,37,M,NS
2004,37,M,NS
2005,37,M,NS
2006,37,M,NS
2007,37,M,NS
2008,37,M,NS
2009,37,M,NS
2010,37,M,NS
2011,37,M,NS
2012,37,M,NS
2013,37,M,NS
2014,37,M,NS
2015,37,M,NS
2016,37,M,NS
2017,37,M,NS
2018,37,M,NS
2019,37,M,NS
2020,37,M,NS
2021,37,M,NS
2022,37,M,NS
2023,37,M,NS
2001,37,M,S
2002,37,M,S
2003,37,M,S
2004,37,M,S
2005,37,M,S
2006,37,M,S
2007,37,M,S
2008,37,M,S
2009,37,M,S
2010,37,M,S
2011,37,M,S
2012,37,M,S
2013,37,M,S
2014,37,M,S
2015,37,M,S
2016,37,M,S
2017,37,M,S
2018,37,M,S
2019,37,M,S
2020,37,M,S
2021,37,M,S
2022,37,M,S
2023,37,M,S
2001,37,F,NS
2002,37,F,NS
2003,37,F,NS
2004,37,F,NS
2005,37,F,NS
2006,37,F,NS
2007,37,F,NS
2008,37,F,NS
2009,37,F,NS
2010,37,F,NS
2011,37,F,NS
2012,37,F,NS
2013,37,F,NS
2014,37,F,NS
2015,37,F,NS
2016,37,F,NS
2017,37,F,NS
2018,37,F,NS
2019,37,F,NS
2020,37,F,NS
2021,37,F,NS
2022,37,F,NS
2023,37,F,NS
2001,37,F,S
2002,37,F,S
2003,37,F,S
2004,37,F,S
2005,37,F,S
2006,37,F,S
2007,37,F,S
2008,37,F,S
2009,37,F,S
2010,37,F,S
2011,37,F,S
2012,37,F,S
2013,37,F,S
2014,37,F,S
2015,37,F,S
2016,37,F,S
2017,37,F,S
2018,37,F,S
2019,37,F,S
2020,37,F,S
2021,37,F,S
2022,37,F,S
2023,37,F,S
2001,38,M,NS
2002,38,M,NS
2003,38,M,NS
2004,38,M,NS
2005,38,M,NS
2006,38,M,NS
2007,38,M,NS
2008,38,M,NS
2009,38,M,NS
2010,38,M,NS
2011,38,M,NS
2012,38,M,NS
2013,38,M,NS
2014,38,M,NS
2015,38,M,NS
2016,38,M,NS
2017,38,M,NS
2018,38,M,NS
2019,38,M,NS
2020,38,M,NS
2021,38,M,NS
2022,38,M,NS
2023,38,M,NS
2001,38,M,S
2002,38,M,S
2003,38,M,S
2004,38,M,S
2005,38,M,S
2006,38,M,S
2007,38,M,S
2008,38,M,S
2009,38,M,S
2010,38,M,S
2011,38,M,S
2012,38,M,S
2013,38,M,S
2014,38,M,S
2015,38,M,S
2016,38,M,S
2017,38,M,S
2018,38,M,S
2019,38,M,S
2020,38,M,S
2021,38,M,S
2022,38,M,S
2023,38,M,S
2001,38,F,NS
2002,38,F,NS
2003,38,F,NS
2004,38,F,NS
2005,38,F,NS
2006,38,F,NS
2007,38,F,NS
2008,38,F,NS
2009,38,F,NS
2010,38,F,NS
2011,38,F,NS
2012,38,F,NS
2013,38,F,NS
2014,38,F,NS
2015,38,F,NS
2016,38,F,NS
2017,38,F,NS
2018,38,F,NS
2019,38,F,NS
2020,38,F,NS
2021,38,F,NS
2022,38,F,NS
2023,38,F,NS
2001,38,F,S
2002,38,F,S
2003,38,F,S
2004,38,F,S
2005,38,F,S
2006,38,F,S
2007,38,F,S
2008,38,F,S
2009,38,F,S
2010,38,F,S
2011,38,F,S
2012,38,F,S
2013,38,F,S
2014,38,F,S
2015,38,F,S
2016,38,F,S
2017,38,F,S
2018,38,F,S
2019,38,F,S
2020,38,F,S
2021,38,F,S
2022,38,F,S
2023,38,F,S
2001,39,M,NS
2002,39,M,NS
2003,39,M,NS
2004,39,M,NS
2005,39,M,NS
2006,39,M,NS
2007,39,M,NS
2008,39,M,NS
2009,39,M,NS
2010,39,M,NS
2011,39,M,NS
2012,39,M,NS
2013,39,M,NS
2014,39,M,NS
2015,39,M,NS
2016,39,M,NS
2017,39,M,NS
2018,39,M,NS
2019,39,M,NS
2020,39,M,NS
2021,39,M,NS
2022,39,M,NS
2023,39,M,NS
2001,39,M,S
2002,39,M,S
2003,39,M,S
2004,39,M,S
2005,39,M,S
2006,39,M,S
2007,39,M,S
2008,39,M,S
2009,39,M,S
2010,39,M,S
2011,39,M,S
2012,39,M,S
2013,39,M,S
2014,39,M,S
2015,39,M,S
2016,39,M,S
2017,39,M,S
2018,39,M,S
2019,39,M,S
2020,39,M,S
2021,39,M,S
2022,39,M,S
2023,39,M,S
2001,39,F,NS
2002,39,F,NS
2003,39,F,NS
2004,39,F,NS
2005,39,F,NS
2006,39,F,NS
2007,39,F,NS
2008,39,F,NS
2009,39,F,NS
2010,39,F,NS
2011,39,F,NS
2012,39,F,NS
2013,39,F,NS
2014,39,F,NS
2015,39,F,NS
2016,39,F,NS
2017,39,F,NS
2018,39,F,NS
2019,39,F,NS
2020,39,F,NS
2021,39,F,NS
2022,39,F,NS
2023,39,F,NS
2001,39,F,S
2002,39,F,S
2003,39,F,S
2004,39,F,S
2005,39,F,S
2006,39,F,S
2007,39,F,S
2008,39,F,S
2009,39,F,S
2010,39,F,S
2011,39,F,S
2012,39,F,S
2013,39,F,S
2014,39,F,S
2015,39,F,S
2016,39,F,S
2017,39,F,S
2018,39,F,S
2019,39,F,S
2020,39,F,S
2021,39,F,S
2022,39,F,S
2023,39,F,S
2001,40,M,NS
2002,40,M,NS
2003,40,M,NS
2004,40,M,NS
2005,40,M,NS
2006,40,M,NS
2007,40,M,NS
2008,40,M,NS
2009,40,M,NS
2010,40,M,NS
2011,40,M,NS
2012,40,M,NS
2013,40,M,NS
2014,40,M,NS
2015,40,M,NS
2016,40,M,NS
2017,40,M,NS
2018,40,M,NS
2019,40,M,NS
2020,40,M,NS
2021,40,M,NS
2022,40,M,NS
2023,40,M,NS
2001,40,M,S
2002,40,M,S
2003,40,M,S
2004,40,M,S
2005,40,M,S
2006,40,M,S
2007,40,M,S
2008,40,M,S
2009,40,M,S
2010,40,M,S
2011,40,M,S
2012,40,M,S
2013,40,M,S
2014,40,M,S
2015,40,M,S
2016,40,M,S
2017,40,M,S
2018,40,M,S
2019,40,M,S
2020,40,M,S
2021,40,M,S
2022,40,M,S
2023,40,M,S
2001,40,F,NS
2002,40,F,NS
2003,40,F,NS
2004,40,F,NS
2005,40,F,NS
2006,40,F,NS
2007,40,F,NS
2008,40,F,NS
2009,40,F,NS
2010,40,F,NS
2011,40,F,NS
2012,40,F,NS
2013,40,F,NS
2014,40,F,NS
2015,40,F,NS
2016,40,F,NS
2017,40,F,NS
2018,40,F,NS
2019,40,F,NS
2020,40,F,NS
2021,40,F,NS
2022,40,F,NS
2023,40,F,NS
2001,40,F,S
2002,40,F,S
2003,40,F,S
2004,40,F,S
2005,40,F,S
2006,40,F,S
2007,40,F,S
2008,40,F,S
2009,40,F,S
2010,40,F,S
2011,40,F,S
2012,40,F,S
2013,40,F,S
2014,40,F,S
2015,40,F,S
2016,40,F,S
2017,40,F,S
2018,40,F,S
2019,40,F,S
2020,40,F,S
2021,40,F,S
2022,40,F,S
2023,40,F,S
2001,41,M,NS
2002,41,M,NS
2003,41,M,NS
2004,41,M,NS
2005,41,M,NS
2006,41,M,NS
2007,41,M,NS
2008,41,M,NS
2009,41,M,NS
2010,41,M,NS
2011,41,M,NS
2012,41,M,NS
2013,41,M,NS
2014,41,M,NS
2015,41,M,NS
2016,41,M,NS
2017,41,M,NS
2018,41,M,NS
2019,41,M,NS
2020,41,M,NS
2021,41,M,NS
2022,41,M,NS
2023,41,M,NS
2001,41,M,S
2002,41,M,S
2003,41,M,S
2004,41,M,S
2005,41,M,S
2006,41,M,S
2007,41,M,S
2008,41,M,S
2009,41,M,S
2010,41,M,S
2011,41,M,S
2012,41,M,S
2013,41,M,S
2014,41,M,S
2015,41,M,S
2016,41,M,S
2017,41,M,S
2018,41,M,S
2019,41,M,S
2020,41,M,S
2021,41,M,S
2022,41,M,S
2023,41,M,S
2001,41,F,NS
2002,41,F,NS
2003,41,F,NS
2004,41,F,NS
2005,41,F,NS
2006,41,F,NS
2007,41,F,NS
2008,41,F,NS
2009,41,F,NS
2010,41,F,NS
2011,41,F,NS
2012,41,F,NS
2013,41,F,NS
2014,41,F,NS
2015,41,F,NS
2016,41,F,NS
2017,41,F,NS
2018,41,F,NS
2019,41,F,NS
2020,41,F,NS
2021,41,F,NS
2022,41,F,NS
2023,41,F,NS
2001,41,F,S
2002,41,F,S
2003,41,F,S
2004,41,F,S
2005,41,F,S
2006,41,F,S
2007,41,F,S
2008,41,F,S
2009,41,F,S
2010,41,F,S
2011,41,F,S
2012,41,F,S
2013,41,F,S
2014,41,F,S
2015,41,F,S
2016,41,F,S
2017,41,F,S
2018,41,F,S
2019,41,F,S
2020,41,F,S
2021,41,F,S
2022,41,F,S
2023,41,F,S
2001,42,M,NS
2002,42,M,NS
2003,42,M,NS
2004,42,M,NS
2005,42,M,NS
2006,42,M,NS
2007,42,M,NS
2008,42,M,NS
2009,42,M,NS
2010,42,M,NS
2011,42,M,NS
2012,42,M,NS
2013,42,M,NS
2014,42,M,NS
2015,42,M,NS
2016,42,M,NS
2017,42,M,NS
2018,42,M,NS
2019,42,M,NS
2020,42,M,NS
2021,42,M,NS
2022,42,M,NS
2023,42,M,NS
2001,42,M,S
2002,42,M,S
2003,42,M,S
2004,42,M,S
2005,42,M,S
2006,42,M,S
2007,42,M,S
2008,42,M,S
2009,42,M,S
2010,42,M,S
2011,42,M,S
2012,42,M,S
2013,42,M,S
2014,42,M,S
2015,42,M,S
2016,42,M,S
2017,42,M,S
2018,42,M,S
2019,42,M,S
2020,42,M,S
2021,42,M,S
2022,42,M,S
2023,42,M,S
2001,42,F,NS
2002,42,F,NS
2003,42,F,NS
2004,42,F,NS
2005,42,F,NS
2006,42,F,NS
2007,42,F,NS
2008,42,F,NS
2009,42,F,NS
2010,42,F,NS
2011,42,F,NS
2012,42,F,NS
2013,42,F,NS
2014,42,F,NS
2015,42,F,NS
2016,42,F,NS
2017,42,F,NS
2018,42,F,NS
2019,42,F,NS
2020,42,F,NS
2021,42,F,NS
2022,42,F,NS
2023,42,F,NS
2001,42,F,S
2002,42,F,S
2003,42,F,S
2004,42,F,S
2005,42,F,S
2006,42,F,S
2007,42,F,S
2008,42,F,S
2009,42,F,S
2010,42,F,S
2011,42,F,S
2012,42,F,S
2013,42,F,S
2014,42,F,S
2015,42,F,S
2016,42,F,S
2017,42,F,S
2018,42,F,S
2019,42,F,S
2020,42,F,S
2021,42,F,S
2022,42,F,S
2023,42,F,S
2001,43,M,NS
2002,43,M,NS
2003,43,M,NS
2004,43,M,NS
2005,43,M,NS
2006,43,M,NS
2007,43,M,NS
2008,43,M,NS
2009,43,M,NS
2010,43,M,NS
2011,43,M,NS
2012,43,M,NS
2013,43,M,NS
2014,43,M,NS
2015,43,M,NS
2016,43,M,NS
2017,43,M,NS
2018,43,M,NS
2019,43,M,NS
2020,43,M,NS
2021,43,M,NS
2022,43,M,NS
2023,43,M,NS
2001,43,M,S
2002,43,M,S
2003,43,M,S
2004,43,M,S
2005,43,M,S
2006,43,M,S
2007,43,M,S
2008,43,M,S
2009,43,M,S
2010,43,M,S
2011,43,M,S
2012,43,M,S
2013,43,M,S
2014,43,M,S
2015,43,M,S
2016,43,M,S
2017,43,M,S
2018,43,M,S
2019,43,M,S
2020,43,M,S
2021,43,M,S
2022,43,M,S
2023,43,M,S
2001,43,F,NS
2002,43,F,NS
2003,43,F,NS
2004,43,F,NS
2005,43,F,NS
2006,43,F,NS
2007,43,F,NS
2008,43,F,NS
2009,43,F,NS
2010,43,F,NS
2011,43,F,NS
2012,43,F,NS
2013,43,F,NS
2014,43,F,NS
2015,43,F,NS
2016,43,F,NS
2017,43,F,NS
2018,43,F,NS
2019,43,F,NS
2020,43,F,NS
2021,43,F,NS
2022,43,F,NS
2023,43,F,NS
2001,43,F,S
2002,43,F,S
2003,43,F,S
2004,43,F,S
2005,43,F,S
2006,43,F,S
2007,43,F,S
2008,43,F,S
2009,43,F,S
2010,43,F,S
2011,43,F,S
2012,43,F,S
2013,43,F,S
2014,43,F,S
2015,43,F,S
2016,43,F,S
2017,43,F,S
2018,43,F,S
2019,43,F,S
2020,43,F,S
2021,43,F,S
2022,43,F,S
2023,43,F,S
2001,44,M,NS
2002,44,M,NS
2003,44,M,NS
2004,44,M,NS
2005,44,M,NS
2006,44,M,NS
2007,44,M,NS
2008,44,M,NS
2009,44,M,NS
2010,44,M,NS
2011,44,M,NS
2012,44,M,NS
2013,44,M,NS
2014,44,M,NS
2015,44,M,NS
2016,44,M,NS
2017,44,M,NS
2018,44,M,NS
2019,44,M,NS
2020,44,M,NS
2021,44,M,NS
2022,44,M,NS
2023,44,M,NS
2001,44,M,S
2002,44,M,S
2003,44,M,S
2004,44,M,S
2005,44,M,S
2006,44,M,S
2007,44,M,S
2008,44,M,S
2009,44,M,S
2010,44,M,S
2011,44,M,S
2012,44,M,S
2013,44,M,S
2014,44,M,S
2015,44,M,S
2016,44,M,S
2017,44,M,S
2018,44,M,S
2019,44,M,S
2020,44,M,S
2021,44,M,S
2022,44,M,S
2023,44,M,S
2001,44,F,NS
2002,44,F,NS
2003,44,F,NS
2004,44,F,NS
2005,44,F,NS
2006,44,F,NS
2007,44,F,NS
2008,44,F,NS
2009,44,F,NS
2010,44,F,NS
2011,44,F,NS
2012,44,F,NS
2013,44,F,NS
2014,44,F,NS
2015,44,F,NS
2016,44,F,NS
2017,44,F,NS
2018,44,F,NS
2019,44,F,NS
2020,44,F,NS
2021,44,F,NS
2022,44,F,NS
2023,44,F,NS
2001,44,F,S
2002,44,F,S
2003,44,F,S
2004,44,F,S
2005,44,F,S
2006,44,F,S
2007,44,F,S
2008,44,F,S
2009,44,F,S
2010,44,F,S
2011,44,F,S
2012,44,F,S
2013,44,F,S
2014,44,F,S
2015,44,F,S
2016,44,F,S
2017,44,F,S
2018,44,F,S
2019,44,F,S
2020,44,F,S
2021,44,F,S
2022,44,F,S
2023,44,F,S
2001,45,M,NS
2002,45,M,NS
2003,45,M,NS
2004,45,M,NS
2005,45,M,NS
2006,45,M,NS
2007,45,M,NS
2008,45,M,NS
2009,45,M,NS
2010,45,M,NS
2011,45,M,NS
2012,45,M,NS
2013,45,M,NS
2014,45,M,NS
2015,45,M,NS
2016,45,M,NS
2017,45,M,NS
2018,45,M,NS
2019,45,M,NS
2020,45,M,NS
2021,45,M,NS
2022,45,M,NS
2023,45,M,NS
2001,45,M,S
2002,45,M,S
2003,45,M,S
2004,45,M,S
2005,45,M,S
2006,45,M,S
2007,45,M,S
2008,45,M,S
2009,45,M,S
2010,45,M,S
2011,45,M,S
2012,45,M,S
2013,45,M,S
2014,45,M,S
2015,45,M,S
2016,45,M,S
2017,45,M,S
2018,45,M,S
2019,45,M,S
2020,45,M,S
2021,45,M,S
2022,45,M,S
2023,45,M,S
2001,45,F,NS
2002,45,F,NS
2003,45,F,NS
2004,45,F,NS
2005,45,F,NS
2006,45,F,NS
2007,45,F,NS
2008,45,F,NS
2009,45,F,NS
2010,45,F,NS
2011,45,F,NS
2012,45,F,NS
2013,45,F,NS
2014,45,F,NS
2015,45,F,NS
2016,45,F,NS
2017,45,F,NS
2018,45,F,NS
2019,45,F,NS
2020,45,F,NS
2021,45,F,NS
2022,45,F,NS
2023,45,F,NS
2001,45,F,S
2002,45,F,S
2003,45,F,S
2004,45,F,S
2005,45,F,S
2006,45,F,S
2007,45,F,S
2008,45,F,S
2009,45,F,S
2010,45,F,S
2011,45,F,S
2012,45,F,S
2013,45,F,S
2014,45,F,S
2015,45,F,S
2016,45,F,S
2017,45,F,S
2018,45,F,S
2019,45,F,S
2020,45,F,S
2021,45,F,S
2022,45,F,S
2023,45,F,S
2001,46,M,NS
2002,46,M,NS
2003,46,M,NS
2004,46,M,NS
2005,46,M,NS
2006,46,M,NS
2007,46,M,NS
2008,46,M,NS
2009,46,M,NS
2010,46,M,NS
2011,46,M,NS
2012,46,M,NS
2013,46,M,NS
2014,46,M,NS
2015,46,M,NS
2016,46,M,NS
2017,46,M,NS
2018,46,M,NS
2019,46,M,NS
2020,46,M,NS
2021,46,M,NS
2022,46,M,NS
2023,46,M,NS
2001,46,M,S
2002,46,M,S
2003,46,M,S
2004,46,M,S
2005,46,M,S
2006,46,M,S
2007,46,M,S
2008,46,M,S
2009,46,M,S
2010,46,M,S
2011,46,M,S
2012,46,M,S
2013,46,M,S
2014,46,M,S
2015,46,M,S
2016,46,M,S
2017,46,M,S
2018,46,M,S
2019,46,M,S
2020,46,M,S
2021,46,M,S
2022,46,M,S
2023,46,M,S
2001,46,F,NS
2002,46,F,NS
2003,46,F,NS
2004,46,F,NS
2005,46,F,NS
2006,46,F,NS
2007,46,F,NS
2008,46,F,NS
2009,46,F,NS
2010,46,F,NS
2011,46,F,NS
2012,46,F,NS
2013,46,F,NS
2014,46,F,NS
2015,46,F,NS
2016,46,F,NS
2017,46,F,NS
2018,46,F,NS
2019,46,F,NS
2020,46,F,NS
2021,46,F,NS
2022,46,F,NS
2023,46,F,NS
2001,46,F,S
2002,46,F,S
2003,46,F,S
2004,46,F,S
2005,46,F,S
2006,46,F,S
2007,46,F,S
2008,46,F,S
2009,46,F,S
2010,46,F,S
2011,46,F,S
2012,46,F,S
2013,46,F,S
2014,46,F,S
2015,46,F,S
2016,46,F,S
2017,46,F,S
2018,46,F,S
2019,46,F,S
2020,46,F,S
2021,46,F,S
2022,46,F,S
2023,46,F,S
2001,47,M,NS
2002,47,M,NS
2003,47,M,NS
2004,47,M,NS
2005,47,M,NS
2006,47,M,NS
2007,47,M,NS
2008,47,M,NS
2009,47,M,NS
2010,47,M,NS
2011,47,M,NS
2012,47,M,NS
2013,47,M,NS
2014,47,M,NS
2015,47,M,NS
2016,47,M,NS
2017,47,M,NS
2018,47,M,NS
2019,47,M,NS
2020,47,M,NS
2021,47,M,NS
2022,47,M,NS
2023,47,M,NS
2001,47,M,S
2002,47,M,S
2003,47,M,S
2004,47,M,S
2005,47,M,S
2006,47,M,S
2007,47,M,S
2008,47,M,S
2009,47,M,S
2010,47,M,S
2011,47,M,S
2012,47,M,S
2013,47,M,S
2014,47,M,S
2015,47,M,S
2016,47,M,S
2017,47,M,S
2018,47,M,S
2019,47,M,S
2020,47,M,S
2021,47,M,S
2022,47,M,S
2023,47,M,S
2001,47,F,NS
2002,47,F,NS
2003,47,F,NS
2004,47,F,NS
2005,47,F,NS
2006,47,F,NS
2007,47,F,NS
2008,47,F,NS
2009,47,F,NS
2010,47,F,NS
2011,47,F,NS
2012,47,F,NS
2013,47,F,NS
2014,47,F,NS
2015,47,F,NS
2016,47,F,NS
2017,47,F,NS
2018,47,F,NS
2019,47,F,NS
2020,47,F,NS
2021,47,F,NS
2022,47,F,NS
2023,47,F,NS
2001,47,F,S
2002,47,F,S
2003,47,F,S
2004,47,F,S
2005,47,F,S
2006,47,F,S
2007,47,F,S
2008,47,F,S
2009,47,F,S
2010,47,F,S
2011,47,F,S
2012,47,F,S
2013,47,F,S
2014,47,F,S
2015,47,F,S
2016,47,F,S
2017,47,F,S
2018,47,F,S
2019,47,F,S
2020,47,F,S
2021,47,F,S
2022,47,F,S
2023,47,F,S
2001,48,M,NS
2002,48,M,NS
2003,48,M,NS
2004,48,M,NS
2005,48,M,NS
2006,48,M,NS
2007,48,M,NS
2008,48,M,NS
2009,48,M,NS
2010,48,M,NS
2011,48,M,NS
2012,48,M,NS
2013,48,M,NS
2014,48,M,NS
2015,48,M,NS
2016,48,M,NS
2017,48,M,NS
2018,48,M,NS
2019,48,M,NS
2020,48,M,NS
2021,48,M,NS
2022,48,M,NS
2023,48,M,NS
2001,48,M,S
2002,48,M,S
2003,48,M,S
2004,48,M,S
2005,48,M,S
2006,48,M,S
2007,48,M,S
2008,48,M,S
2009,48,M,S
2010,48,M,S
2011,48,M,S
2012,48,M,S
2013,48,M,S
2014,48,M,S
2015,48,M,S
2016,48,M,S
2017,48,M,S
2018,48,M,S
2019,48,M,S
2020,48,M,S
2021,48,M,S
2022,48,M,S
2023,48,M,S
2001,48,F,NS
2002,48,F,NS
2003,48,F,NS
2004,48,F,NS
2005,48,F,NS
2006,48,F,NS
2007,48,F,NS
2008,48,F,NS
2009,48,F,NS
2010,48,F,NS
2011,48,F,NS
2012,48,F,NS
2013,48,F,NS
2014,48,F,NS
2015,48,F,NS
2016,48,F,NS
2017,48,F,NS
2018,48,F,NS
2019,48,F,NS
2020,48,F,NS
2021,48,F,NS
2022,48,F,NS
2023,48,F,NS
2001,48,F,S
2002,48,F,S
2003,48,F,S
2004,48,F,S
2005,48,F,S
2006,48,F,S
2007,48,F,S
2008,48,F,S
2009,48,F,S
2010,48,F,S
2011,48,F,S
2012,48,F,S
2013,48,F,S
2014,48,F,S
2015,48,F,S
2016,48,F,S
2017,48,F,S
2018,48,F,S
2019,48,F,S
2020,48,F,S
2021,48,F,S
2022,48,F,S
2023,48,F,S
2001,49,M,NS
2002,49,M,NS
2003,49,M,NS
2004,49,M,NS
2005,49,M,NS
2006,49,M,NS
2007,49,M,NS
2008,49,M,NS
2009,49,M,NS
2010,49,M,NS
2011,49,M,NS
2012,49,M,NS
2013,49,M,NS
2014,49,M,NS
2015,49,M,NS
2016,49,M,NS
2017,49,M,NS
2018,49,M,NS
2019,49,M,NS
2020,49,M,NS
2021,49,M,NS
2022,49,M,NS
2023,49,M,NS
2001,49,M,S
2002,49,M,S
2003,49,M,S
2004,49,M,S
2005,49,M,S
2006,49,M,S
2007,49,M,S
2008,49,M,S
2009,49,M,S
2010,49,M,S
2011,49,M,S
2012,49,M,S
2013,49,M,S
2014,49,M,S
2015,49,M,S
2016,49,M,S
2017,49,M,S
2018,49,M,S
2019,49,M,S
2020,49,M,S
2021,49,M,S
2022,49,M,S
2023,49,M,S
2001,49,F,NS
2002,49,F,NS
2003,49,F,NS
2004,49,F,NS
2005,49,F,NS
2006,49,F,NS
2007,49,F,NS
2008,49,F,NS
2009,49,F,NS
2010,49,F,NS
2011,49,F,NS
2012,49,F,NS
2013,49,F,NS
2014,49,F,NS
2015,49,F,NS
2016,49,F,NS
2017,49,F,NS
2018,49,F,NS
2019,49,F,NS
2020,49,F,NS
2021,49,F,NS
2022,49,F,NS
2023,49,F,NS
2001,49,F,S
2002,49,F,S
2003,49,F,S
2004,49,F,S
2005,49,F,S
2006,49,F,S
2007,49,F,S
2008,49,F,S
2009,49,F,S
2010,49,F,S
2011,49,F,S
2012,49,F,S
2013,49,F,S
2014,49,F,S
2015,49,F,S
2016,49,F,S
2017,49,F,S
2018,49,F,S
2019,49,F,S
2020,49,F,S
2021,49,F,S
2022,49,F,S
2023,49,F,S
2001,50,M,NS
2002,50,M,NS
2003,50,M,NS
2004,50,M,NS
2005,50,M,NS
2006,50,M,NS
2007,50,M,NS
2008,50,M,NS
2009,50,M,NS
2010,50,M,NS
2011,50,M,NS
2012,50,M,NS
2013,50,M,NS
2014,50,M,NS
2015,50,M,NS
2016,50,M,NS
2017,50,M,NS
2018,50,M,NS
2019,50,M,NS
2020,50,M,NS
2021,50,M,NS
2022,50,M,NS
2023,50,M,NS
2001,50,M,S
2002,50,M,S
2003,50,M,S
2004,50,M,S
2005,50,M,S
2006,50,M,S
2007,50,M,S
2008,50,M,S
2009,50,M,S
2010,50,M,S
2011,50,M,S
2012,50,M,S
2013,50,M,S
2014,50,M,S
2015,50,M,S
2016,50,M,S
2017,50,M,S
2018,50,M,S
2019,50,M,S
2020,50,M,S
2021,50,M,S
2022,50,M,S
2023,50,M,S
2001,50,F,NS
2002,50,F,NS
2003,50,F,NS
2004,50,F,NS
2005,50,F,NS
2006,50,F,NS
2007,50,F,NS
2008,50,F,NS
2009,50,F,NS
2010,50,F,NS
2011,50,F,NS
2012,50,F,NS
2013,50,F,NS
2014,50,F,NS
2015,50,F,NS
2016,50,F,NS
2017,50,F,NS
2018,50,F,NS
2019,50,F,NS
2020,50,F,NS
2021,50,F,NS
2022,50,F,NS
2023,50,F,NS
2001,50,F,S
2002,50,F,S
2003,50,F,S
2004,50,F,S
2005,50,F,S
2006,50,F,S
2007,50,F,S
2008,50,F,S
2009,50,F,S
2010,50,F,S
2011,50,F,S
2012,50,F,S
2013,50,F,S
2014,50,F,S
2015,50,F,S
2016,50,F,S
2017,50,F,S
2018,50,F,S
2019,50,F,S
2020,50,F,S
2021,50,F,S
2022,50,F,S
2023,50,F,S
2001,51,M,NS
2002,51,M,NS
2003,51,M,NS
2004,51,M,NS
2005,51,M,NS
2006,51,M,NS
2007,51,M,NS
2008,51,M,NS
2009,51,M,NS
2010,51,M,NS
2011,51,M,NS
2012,51,M,NS
2013,51,M,NS
2014,51,M,NS
2015,51,M,NS
2016,51,M,NS
2017,51,M,NS
2018,51,M,NS
2019,51,M,NS
2020,51,M,NS
2021,51,M,NS
2022,51,M,NS
2023,51,M,NS
2001,51,M,S
2002,51,M,S
2003,51,M,S
2004,51,M,S
2005,51,M,S
2006,51,M,S
2007,51,M,S
2008,51,M,S
2009,51,M,S
2010,51,M,S
2011,51,M,S
2012,51,M,S
2013,51,M,S
2014,51,M,S
2015,51,M,S
2016,51,M,S
2017,51,M,S
2018,51,M,S
2019,51,M,S
2020,51,M,S
2021,51,M,S
2022,51,M,S
2023,51,M,S
2001,51,F,NS
2002,51,F,NS
2003,51,F,NS
2004,51,F,NS
2005,51,F,NS
2006,51,F,NS
2007,51,F,NS
2008,51,F,NS
2009,51,F,NS
2010,51,F,NS
2011,51,F,NS
2012,51,F,NS
2013,51,F,NS
2014,51,F,NS
2015,51,F,NS
2016,51,F,NS
2017,51,F,NS
2018,51,F,NS
2019,51,F,NS
2020,51,F,NS
2021,51,F,NS
2022,51,F,NS
2023,51,F,NS
2001,51,F,S
2002,51,F,S
2003,51,F,S
2004,51,F,S
2005,51,F,S
2006,51,F,S
2007,51,F,S
2008,51,F,S
2009,51,F,S
2010,51,F,S
2011,51,F,S
2012,51,F,S
2013,51,F,S
2014,51,F,S
2015,51,F,S
2016,51,F,S
2017,51,F,S
2018,51,F,S
2019,51,F,S
2020,51,F,S
2021,51,F,S
2022,51,F,S
2023,51,F,S
2001,52,M,NS
2002,52,M,NS
2003,52,M,NS
2004,52,M,NS
2005,52,M,NS
2006,52,M,NS
2007,52,M,NS
2008,52,M,NS
2009,52,M,NS
2010,52,M,NS
2011,52,M,NS
2012,52,M,NS
2013,52,M,NS
2014,52,M,NS
2015,52,M,NS
2016,52,M,NS
2017,52,M,NS
2018,52,M,NS
2019,52,M,NS
2020,52,M,NS
2021,52,M,NS
2022,52,M,NS
2023,52,M,NS
2001,52,M,S
2002,52,M,S
2003,52,M,S
2004,52,M,S
2005,52,M,S
2006,52,M,S
2007,52,M,S
2008,52,M,S
2009,52,M,S
2010,52,M,S
2011,52,M,S
2012,52,M,S
2013,52,M,S
2014,52,M,S
2015,52,M,S
2016,52,M,S
2017,52,M,S
2018,52,M,S
2019,52,M,S
2020,52,M,S
2021,52,M,S
2022,52,M,S
2023,52,M,S
2001,52,F,NS
2002,52,F,NS
2003,52,F,NS
2004,52,F,NS
2005,52,F,NS
2006,52,F,NS
2007,52,F,NS
2008,52,F,NS
2009,52,F,NS
2010,52,F,NS
2011,52,F,NS
2012,52,F,NS
2013,52,F,NS
2014,52,F,NS
2015,52,F,NS
2016,52,F,NS
2017,52,F,NS
2018,52,F,NS
2019,52,F,NS
2020,52,F,NS
2021,52,F,NS
2022,52,F,NS
2023,52,F,NS
2001,52,F,S
2002,52,F,S
2003,52,F,S
2004,52,F,S
2005,52,F,S
2006,52,F,S
2007,52,F,S
2008,52,F,S
2009,52,F,S
2010,52,F,S
2011,52,F,S
2012,52,F,S
2013,52,F,S
2014,52,F,S
2015,52,F,S
2016,52,F,S
2017,52,F,S
2018,52,F,S
2019,52,F,S
2020,52,F,S
2021,52,F,S
2022,52,F,S
2023,52,F,S
2001,53,M,NS
2002,53,M,NS
2003,53,M,NS
2004,53,M,NS
2005,53,M,NS
2006,53,M,NS
2007,53,M,NS
2008,53,M,NS
2009,53,M,NS
2010,53,M,NS
2011,53,M,NS
2012,53,M,NS
2013,53,M,NS
2014,53,M,NS
2015,53,M,NS
2016,53,M,NS
2017,53,M,NS
2018,53,M,NS
2019,53,M,NS
2020,53,M,NS
2021,53,M,NS
2022,53,M,NS
2023,53,M,NS
2001,53,M,S
2002,53,M,S
2003,53,M,S
2004,53,M,S
2005,53,M,S
2006,53,M,S
2007,53,M,S
2008,53,M,S
2009,53,M,S
2010,53,M,S
2011,53,M,S
2012,53,M,S
2013,53,M,S
2014,53,M,S
2015,53,M,S
2016,53,M,S
2017,53,M,S
2018,53,M,S
2019,53,M,S
2020,53,M,S
2021,53,M,S
2022,53,M,S
2023,53,M,S
2001,53,F,NS
2002,53,F,NS
2003,53,F,NS
2004,53,F,NS
2005,53,F,NS
2006,53,F,NS
2007,53,F,NS
2008,53,F,NS
2009,53,F,NS
2010,53,F,NS
2011,53,F,NS
2012,53,F,NS
2013,53,F,NS
2014,53,F,NS
2015,53,F,NS
2016,53,F,NS
2017,53,F,NS
2018,53,F,NS
2019,53,F,NS
2020,53,F,NS
2021,53,F,NS
2022,53,F,NS
2023,53,F,NS
2001,53,F,S
2002,53,F,S
2003,53,F,S
2004,53,F,S
2005,53,F,S
2006,53,F,S
2007,53,F,S
2008,53,F,S
2009,53,F,S
2010,53,F,S
2011,53,F,S
2012,53,F,S
2013,53,F,S
2014,53,F,S
2015,53,F,S
2016,53,F,S
2017,53,F,S
2018,53,F,S
2019,53,F,S
2020,53,F,S
2021,53,F,S
2022,53,F,S
2023,53,F,S
2001,54,M,NS
2002,54,M,NS
2003,54,M,NS
2004,54,M,NS
2005,54,M,NS
2006,54,M,NS
2007,54,M,NS
2008,54,M,NS
2009,54,M,NS
2010,54,M,NS
2011,54,M,NS
2012,54,M,NS
2013,54,M,NS
2014,54,M,NS
2015,54,M,NS
2016,54,M,NS
2017,54,M,NS
2018,54,M,NS
2019,54,M,NS
2020,54,M,NS
2021,54,M,NS
2022,54,M,NS
2023,54,M,NS
2001,54,M,S
2002,54,M,S
2003,54,M,S
2004,54,M,S
2005,54,M,S
2006,54,M,S
2007,54,M,S
2008,54,M,S
2009,54,M,S
2010,54,M,S
2011,54,M,S
2012,54,M,S
2013,54,M,S
2014,54,M,S
2015,54,M,S
2016,54,M,S
2017,54,M,S
2018,54,M,S
2019,54,M,S
2020,54,M,S
2021,54,M,S
2022,54,M,S
2023,54,M,S
2001,54,F,NS
2002,54,F,NS
2003,54,F,NS
2004,54,F,NS
2005,54,F,NS
2006,54,F,NS
2007,54,F,NS
2008,54,F,NS
2009,54,F,NS
2010,54,F,NS
2011,54,F,NS
2012,54,F,NS
2013,54,F,NS
2014,54,F,NS
2015,54,F,NS
2016,54,F,NS
2017,54,F,NS
2018,54,F,NS
2019,54,F,NS
2020,54,F,NS
2021,54,F,NS
2022,54,F,NS
2023,54,F,NS
2001,54,F,S
2002,54,F,S
2003,54,F,S
2004,54,F,S
2005,54,F,S
2006,54,F,S
2007,54,F,S
2008,54,F,S
2009,54,F,S
2010,54,F,S
2011,54,F,S
2012,54,F,S
2013,54,F,S
2014,54,F,S
2015,54,F,S
2016,54,F,S
2017,54,F,S
2018,54,F,S
2019,54,F,S
2020,54,F,S
2021,54,F,S
2022,54,F,S
2023,54,F,S
2001,55,M,NS
2002,55,M,NS
2003,55,M,NS
2004,55,M,NS
2005,55,M,NS
2006,55,M,NS
2007,55,M,NS
2008,55,M,NS
2009,55,M,NS
2010,55,M,NS
2011,55,M,NS
2012,55,M,NS
2013,55,M,NS
2014,55,M,NS
2015,55,M,NS
2016,55,M,NS
2017,55,M,NS
2018,55,M,NS
2019,55,M,NS
2020,55,M,NS
2021,55,M,NS
2022,55,M,NS
2023,55,M,NS
2001,55,M,S
2002,55,M,S
2003,55,M,S
2004,55,M,S
2005,55,M,S
2006,55,M,S
2007,55,M,S
2008,55,M,S
2009,55,M,S
2010,55,M,S
2011,55,M,S
2012,55,M,S
2013,55,M,S
2014,55,M,S
2015,55,M,S
2016,55,M,S
2017,55,M,S
2018,55,M,S
2019,55,M,S
2020,55,M,S
2021,55,M,S
2022,55,M,S
2023,55,M,S
2001,55,F,NS
2002,55,F,NS
2003,55,F,NS
2004,55,F,NS
2005,55,F,NS
2006,55,F,NS
2007,55,F,NS
2008,55,F,NS
2009,55,F,NS
2010,55,F,NS
2011,55,F,NS
2012,55,F,NS
2013,55,F,NS
2014,55,F,NS
2015,55,F,NS
2016,55,F,NS
2017,55,F,NS
2018,55,F,NS
2019,55,F,NS
2020,55,F,NS
2021,55,F,NS
2022,55,F,NS
2023,55,F,NS
2001,55,F,S
2002,55,F,S
2003,55,F,S
2004,55,F,S
2005,55,F,S
2006,55,F,S
2007,55,F,S
2008,55,F,S
2009,55,F,S
2010,55,F,S
2011,55,F,S
2012,55,F,S
2013,55,F,S
2014,55,F,S
2015,55,F,S
2016,55,F,S
2017,55,F,S
2018,55,F,S
2019,55,F,S
2020,55,F,S
2021,55,F,S
2022,55,F,S
2023,55,F,S
2001,56,M,NS
2002,56,M,NS
2003,56,M,NS
2004,56,M,NS
2005,56,M,NS
2006,56,M,NS
2007,56,M,NS
2008,56,M,NS
2009,56,M,NS
2010,56,M,NS
2011,56,M,NS
2012,56,M,NS
2013,56,M,NS
2014,56,M,NS
2015,56,M,NS
2016,56,M,NS
2017,56,M,NS
2018,56,M,NS
2019,56,M,NS
2020,56,M,NS
2021,56,M,NS
2022,56,M,NS
2023,56,M,NS
2001,56,M,S
2002,56,M,S
2003,56,M,S
2004,56,M,S
2005,56,M,S
2006,56,M,S
2007,56,M,S
2008,56,M,S
2009,56,M,S
2010,56,M,S
2011,56,M,S
2012,56,M,S
2013,56,M,S
2014,56,M,S
2015,56,M,S
2016,56,M,S
2017,56,M,S
2018,56,M,S
2019,56,M,S
2020,56,M,S
2021,56,M,S
2022,56,M,S
2023,56,M,S
2001,56,F,NS
2002,56,F,NS
2003,56,F,NS
2004,56,F,NS
2005,56,F,NS
2006,56,F,NS
2007,56,F,NS
2008,56,F,NS
2009,56,F,NS
2010,56,F,NS
2011,56,F,NS
2012,56,F,NS
2013,56,F,NS
2014,56,F,NS
2015,56,F,NS
2016,56,F,NS
2017,56,F,NS
2018,56,F,NS
2019,56,F,NS
2020,56,F,NS
2021,56,F,NS
2022,56,F,NS
2023,56,F,NS
2001,56,F,S
2002,56,F,S
2003,56,F,S
2004,56,F,S
2005,56,F,S
2006,56,F,S
2007,56,F,S
2008,56,F,S
2009,56,F,S
2010,56,F,S
2011,56,F,S
2012,56,F,S
2013,56,F,S
2014,56,F,S
2015,56,F,S
2016,56,F,S
2017,56,F,S
2018,56,F,S
2019,56,F,S
2020,56,F,S
2021,56,F,S
2022,56,F,S
2023,56,F,S
2001,57,M,NS
2002,57,M,NS
2003,57,M,NS
2004,57,M,NS
2005,57,M,NS
2006,57,M,NS
2007,57,M,NS
2008,57,M,NS
2009,57,M,NS
2010,57,M,NS
2011,57,M,NS
2012,57,M,NS
2013,57,M,NS
2014,57,M,NS
2015,57,M,NS
2016,57,M,NS
2017,57,M,NS
2018,57,M,NS
2019,57,M,NS
2020,57,M,NS
2021,57,M,NS
2022,57,M,NS
2023,57,M,NS
2001,57,M,S
2002,57,M,S
2003,57,M,S
2004,57,M,S
2005,57,M,S
2006,57,M,S
2007,57,M,S
2008,57,M,S
2009,57,M,S
2010,57,M,S
2011,57,M,S
2012,57,M,S
2013,57,M,S
2014,57,M,S
2015,57,M,S
2016,57,M,S
2017,57,M,S
2018,57,M,S
2019,57,M,S
2020,57,M,S
2021,57,M,S
2022,57,M,S
2023,57,M,S
2001,57,F,NS
2002,57,F,NS
2003,57,F,NS
2004,57,F,NS
2005,57,F,NS
2006,57,F,NS
2007,57,F,NS
2008,57,F,NS
2009,57,F,NS
2010,57,F,NS
2011,57,F,NS
2012,57,F,NS
2013,57,F,NS
2014,57,F,NS
2015,57,F,NS
2016,57,F,NS
2017,57,F,NS
2018,57,F,NS
2019,57,F,NS
2020,57,F,NS
2021,57,F,NS
2022,57,F,NS
2023,57,F,NS
2001,57,F,S
2002,57,F,S
2003,57,F,S
2004,57,F,S
2005,57,F,S
2006,57,F,S
2007,57,F,S
2008,57,F,S
2009,57,F,S
2010,57,F,S
2011,57,F,S
2012,57,F,S
2013,57,F,S
2014,57,F,S
2015,57,F,S
2016,57,F,S
2017,57,F,S
2018,57,F,S
2019,57,F,S
2020,57,F,S
2021,57,F,S
2022,57,F,S
2023,57,F,S
2001,58,M,NS
2002,58,M,NS
2003,58,M,NS
2004,58,M,NS
2005,58,M,NS
2006,58,M,NS
2007,58,M,NS
2008,58,M,NS
2009,58,M,NS
2010,58,M,NS
2011,58,M,NS
2012,58,M,NS
2013,58,M,NS
2014,58,M,NS
2015,58,M,NS
2016,58,M,NS
2017,58,M,NS
2018,58,M,NS
2019,58,M,NS
2020,58,M,NS
2021,58,M,NS
2022,58,M,NS
2023,58,M,NS
2001,58,M,S
2002,58,M,S
2003,58,M,S
2004,58,M,S
2005,58,M,S
2006,58,M,S
2007,58,M,S
2008,58,M,S
2009,58,M,S
2010,58,M,S
2011,58,M,S
2012,58,M,S
2013,58,M,S
2014,58,M,S
2015,58,M,S
2016,58,M,S
2017,58,M,S
2018,58,M,S
2019,58,M,S
2020,58,M,S
2021,58,M,S
2022,58,M,S
2023,58,M,S
2001,58,F,NS
2002,58,F,NS
2003,58,F,NS
2004,58,F,NS
2005,58,F,NS
2006,58,F,NS
2007,58,F,NS
2008,58,F,NS
2009,58,F,NS
2010,58,F,NS
2011,58,F,NS
2012,58,F,NS
2013,58,F,NS
2014,58,F,NS
2015,58,F,NS
2016,58,F,NS
2017,58,F,NS
2018,58,F,NS
2019,58,F,NS
2020,58,F,NS
2021,58,F,NS
2022,58,F,NS
2023,58,F,NS
2001,58,F,S
2002,58,F,S
2003,58,F,S
2004,58,F,S
2005,58,F,S
2006,58,F,S
2007,58,F,S
2008,58,F,S
2009,58,F,S
2010,58,F,S
2011,58,F,S
2012,58,F,S
2013,58,F,S
2014,58,F,S
2015,58,F,S
2016,58,F,S
2017,58,F,S
2018,58,F,S
2019,58,F,S
2020,58,F,S
2021,58,F,S
2022,58,F,S
2023,58,F,S
2001,59,M,NS
2002,59,M,NS
2003,59,M,NS
2004,59,M,NS
2005,59,M,NS
2006,59,M,NS
2007,59,M,NS
2008,59,M,NS
2009,59,M,NS
2010,59,M,NS
2011,59,M,NS
2012,59,M,NS
2013,59,M,NS
2014,59,M,NS
2015,59,M,NS
2016,59,M,NS
2017,59,M,NS
2018,59,M,NS
2019,59,M,NS
2020,59,M,NS
2021,59,M,NS
2022,59,M,NS
2023,59,M,NS
2001,59,M,S
2002,59,M,S
2003,59,M,S
2004,59,M,S
2005,59,M,S
2006,59,M,S
2007,59,M,S
2008,59,M,S
2009,59,M,S
2010,59,M,S
2011,59,M,S
2012,59,M,S
2013,59,M,S
2014,59,M,S
2015,59,M,S
2016,59,M,S
2017,59,M,S
2018,59,M,S
2019,59,M,S
2020,59,M,S
2021,59,M,S
2022,59,M,S
2023,59,M,S
2001,59,F,NS
2002,59,F,NS
2003,59,F,NS
2004,59,F,NS
2005,59,F,NS
2006,59,F,NS
2007,59,F,NS
2008,59,F,NS
2009,59,F,NS
2010,59,F,NS
2011,59,F,NS
2012,59,F,NS
2013,59,F,NS
2014,59,F,NS
2015,59,F,NS
2016,59,F,NS
2017,59,F,NS
2018,59,F,NS
2019,59,F,NS
2020,59,F,NS
2021,59,F,NS
2022,59,F,NS
2023,59,F,NS
2001,59,F,S
2002,59,F,S
2003,59,F,S
2004,59,F,S
2005,59,F,S
2006,59,F,S
2007,59,F,S
2008,59,F,S
2009,59,F,S
2010,59,F,S
2011,59,F,S
2012,59,F,S
2013,59,F,S
2014,59,F,S
2015,59,F,S
2016,59,F,S
2017,59,F,S
2018,59,F,S
2019,59,F,S
2020,59,F,S
2021,59,F,S
2022,59,F,S
2023,59,F,S
2001,60,M,NS
2002,60,M,NS
2003,60,M,NS
2004,60,M,NS
2005,60,M,NS
2006,60,M,NS
2007,60,M,NS
2008,60,M,NS
2009,60,M,NS
2010,60,M,NS
2011,60,M,NS
2012,60,M,NS
2013,60,M,NS
2014,60,M,NS
2015,60,M,NS
2016,60,M,NS
2017,60,M,NS
2018,60,M,NS
2019,60,M,NS
2020,60,M,NS
2021,60,M,NS
2022,60,M,NS
2023,60,M,NS
2001,60,M,S
2002,60,M,S
2003,60,M,S
2004,60,M,S
2005,60,M,S
2006,60,M,S
2007,60,M,S
2008,60,M,S
2009,60,M,S
2010,60,M,S
2011,60,M,S
2012,60,M,S
2013,60,M,S
2014,60,M,S
2015,60,M,S
2016,60,M,S
2017,60,M,S
2018,60,M,S
2019,60,M,S
2020,60,M,S
2021,60,M,S
2022,60,M,S
2023,60,M,S
2001,60,F,NS
2002,60,F,NS
2003,60,F,NS
2004,60,F,NS
2005,60,F,NS
2006,60,F,NS
2007,60,F,NS
2008,60,F,NS
2009,60,F,NS
2010,60,F,NS
2011,60,F,NS
2012,60,F,NS
2013,60,F,NS
2014,60,F,NS
2015,60,F,NS
2016,60,F,NS
2017,60,F,NS
2018,60,F,NS
2019,60,F,NS
2020,60,F,NS
2021,60,F,NS
2022,60,F,NS
2023,60,F,NS
2001,60,F,S
2002,60,F,S
2003,60,F,S
2004,60,F,S
2005,60,F,S
2006,60,F,S
2007,60,F,S
2008,60,F,S
2009,60,F,S
2010,60,F,S
2011,60,F,S
2012,60,F,S
2013,60,F,S
2014,60,F,S
2015,60,F,S
2016,60,F,S
2017,60,F,S
2018,60,F,S
2019,60,F,S
2020,60,F,S
2021,60,F,S
2022,60,F,S
2023,60,F,S
2001,61,M,NS
2002,61,M,NS
2003,61,M,NS
2004,61,M,NS
2005,61,M,NS
2006,61,M,NS
2007,61,M,NS
2008,61,M,NS
2009,61,M,NS
2010,61,M,NS
2011,61,M,NS
2012,61,M,NS
2013,61,M,NS
2014,61,M,NS
2015,61,M,NS
2016,61,M,NS
2017,61,M,NS
2018,61,M,NS
2019,61,M,NS
2020,61,M,NS
2021,61,M,NS
2022,61,M,NS
2023,61,M,NS
2001,61,M,S
2002,61,M,S
2003,61,M,S
2004,61,M,S
2005,61,M,S
2006,61,M,S
2007,61,M,S
2008,61,M,S
2009,61,M,S
2010,61,M,S
2011,61,M,S
2012,61,M,S
2013,61,M,S
2014,61,M,S
2015,61,M,S
2016,61,M,S
2017,61,M,S
2018,61,M,S
2019,61,M,S
2020,61,M,S
2021,61,M,S
2022,61,M,S
2023,61,M,S
2001,61,F,NS
2002,61,F,NS
2003,61,F,NS
2004,61,F,NS
2005,61,F,NS
2006,61,F,NS
2007,61,F,NS
2008,61,F,NS
2009,61,F,NS
2010,61,F,NS
2011,61,F,NS
2012,61,F,NS
2013,61,F,NS
2014,61,F,NS
2015,61,F,NS
2016,61,F,NS
2017,61,F,NS
2018,61,F,NS
2019,61,F,NS
2020,61,F,NS
2021,61,F,NS
2022,61,F,NS
2023,61,F,NS
2001,61,F,S
2002,61,F,S
2003,61,F,S
2004,61,F,S
2005,61,F,S
2006,61,F,S
2007,61,F,S
2008,61,F,S
2009,61,F,S
2010,61,F,S
2011,61,F,S
2012,61,F,S
2013,61,F,S
2014,61,F,S
2015,61,F,S
2016,61,F,S
2017,61,F,S
2018,61,F,S
2019,61,F,S
2020,61,F,S
2021,61,F,S
2022,61,F,S
2023,61,F,S
2001,62,M,NS
2002,62,M,NS
2003,62,M,NS
2004,62,M,NS
2005,62,M,NS
2006,62,M,NS
2007,62,M,NS
2008,62,M,NS
2009,62,M,NS
2010,62,M,NS
2011,62,M,NS
2012,62,M,NS
2013,62,M,NS
2014,62,M,NS
2015,62,M,NS
2016,62,M,NS
2017,62,M,NS
2018,62,M,NS
2019,62,M,NS
2020,62,M,NS
2021,62,M,NS
2022,62,M,NS
2023,62,M,NS
2001,62,M,S
2002,62,M,S
2003,62,M,S
2004,62,M,S
2005,62,M,S
2006,62,M,S
2007,62,M,S
2008,62,M,S
2009,62,M,S
2010,62,M,S
2011,62,M,S
2012,62,M,S
2013,62,M,S
2014,62,M,S
2015,62,M,S
2016,62,M,S
2017,62,M,S
2018,62,M,S
2019,62,M,S
2020,62,M,S
2021,62,M,S
2022,62,M,S
2023,62,M,S
2001,62,F,NS
2002,62,F,NS
2003,62,F,NS
2004,62,F,NS
2005,62,F,NS
2006,62,F,NS
2007,62,F,NS
2008,62,F,NS
2009,62,F,NS
2010,62,F,NS
2011,62,F,NS
2012,62,F,NS
2013,62,F,NS
2014,62,F,NS
2015,62,F,NS
2016,62,F,NS
2017,62,F,NS
2018,62,F,NS
2019,62,F,NS
2020,62,F,NS
2021,62,F,NS
2022,62,F,NS
2023,62,F,NS
2001,62,F,S
2002,62,F,S
2003,62,F,S
2004,62,F,S
2005,62,F,S
2006,62,F,S
2007,62,F,S
2008,62,F,S
2009,62,F,S
2010,62,F,S
2011,62,F,S
2012,62,F,S
2013,62,F,S
2014,62,F,S
2015,62,F,S
2016,62,F,S
2017,62,F,S
2018,62,F,S
2019,62,F,S
2020,62,F,S
2021,62,F,S
2022,62,F,S
2023,62,F,S
2001,63,M,NS
2002,63,M,NS
2003,63,M,NS
2004,63,M,NS
2005,63,M,NS
2006,63,M,NS
2007,63,M,NS
2008,63,M,NS
2009,63,M,NS
2010,63,M,NS
2011,63,M,NS
2012,63,M,NS
2013,63,M,NS
2014,63,M,NS
2015,63,M,NS
2016,63,M,NS
2017,63,M,NS
2018,63,M,NS
2019,63,M,NS
2020,63,M,NS
2021,63,M,NS
2022,63,M,NS
2023,63,M,NS
2001,63,M,S
2002,63,M,S
2003,63,M,S
2004,63,M,S
2005,63,M,S
2006,63,M,S
2007,63,M,S
2008,63,M,S
2009,63,M,S
2010,63,M,S
2011,63,M,S
2012,63,M,S
2013,63,M,S
2014,63,M,S
2015,63,M,S
2016,63,M,S
2017,63,M,S
2018,63,M,S
2019,63,M,S
2020,63,M,S
2021,63,M,S
2022,63,M,S
2023,63,M,S
2001,63,F,NS
2002,63,F,NS
2003,63,F,NS
2004,63,F,NS
2005,63,F,NS
2006,63,F,NS
2007,63,F,NS
2008,63,F,NS
2009,63,F,NS
2010,63,F,NS
2011,63,F,NS
2012,63,F,NS
2013,63,F,NS
2014,63,F,NS
2015,63,F,NS
2016,63,F,NS
2017,63,F,NS
2018,63,F,NS
2019,63,F,NS
2020,63,F,NS
2021,63,F,NS
2022,63,F,NS
2023,63,F,NS
2001,63,F,S
2002,63,F,S
2003,63,F,S
2004,63,F,S
2005,63,F,S
2006,63,F,S
2007,63,F,S
2008,63,F,S
2009,63,F,S
2010,63,F,S
2011,63,F,S
2012,63,F,S
2013,63,F,S
2014,63,F,S
2015,63,F,S
2016,63,F,S
2017,63,F,S
2018,63,F,S
2019,63,F,S
2020,63,F,S
2021,63,F,S
2022,63,F,S
2023,63,F,S
2001,64,M,NS
2002,64,M,NS
2003,64,M,NS
2004,64,M,NS
2005,64,M,NS
2006,64,M,NS
2007,64,M,NS
2008,64,M,NS
2009,64,M,NS
2010,64,M,NS
2011,64,M,NS
2012,64,M,NS
2013,64,M,NS
2014,64,M,NS
2015,64,M,NS
2016,64,M,NS
2017,64,M,NS
2018,64,M,NS
2019,64,M,NS
2020,64,M,NS
2021,64,M,NS
2022,64,M,NS
2023,64,M,NS
2001,64,M,S
2002,64,M,S
2003,64,M,S
2004,64,M,S
2005,64,M,S
2006,64,M,S
2007,64,M,S
2008,64,M,S
2009,64,M,S
2010,64,M,S
2011,64,M,S
2012,64,M,S
2013,64,M,S
2014,64,M,S
2015,64,M,S
2016,64,M,S
2017,64,M,S
2018,64,M,S
2019,64,M,S
2020,64,M,S
2021,64,M,S
2022,64,M,S
2023,64,M,S
2001,64,F,NS
2002,64,F,NS
2003,64,F,NS
2004,64,F,NS
2005,64,F,NS
2006,64,F,NS
2007,64,F,NS
2008,64,F,NS
2009,64,F,NS
2010,64,F,NS
2011,64,F,NS
2012,64,F,NS
2013,64,F,NS
2014,64,F,NS
2015,64,F,NS
2016,64,F,NS
2017,64,F,NS
2018,64,F,NS
2019,64,F,NS
2020,64,F,NS
2021,64,F,NS
2022,64,F,NS
2023,64,F,NS
2001,64,F,S
2002,64,F,S
2003,64,F,S
2004,64,F,S
2005,64,F,S
2006,64,F,S
2007,64,F,S
2008,64,F,S
2009,64,F,S
2010,64,F,S
2011,64,F,S
2012,64,F,S
2013,64,F,S
2014,64,F,S
2015,64,F,S
2016,64,F,S
2017,64,F,S
2018,64,F,S
2019,64,F,S
2020,64,F,S
2021,64,F,S
2022,64,F,S
2023,64,F,S
2001,65,M,NS
2002,65,M,NS
2003,65,M,NS
2004,65,M,NS
2005,65,M,NS
2006,65,M,NS
2007,65,M,NS
2008,65,M,NS
2009,65,M,NS
2010,65,M,NS
2011,65,M,NS
2012,65,M,NS
2013,65,M,NS
2014,65,M,NS
2015,65,M,NS
2016,65,M,NS
2017,65,M,NS
2018,65,M,NS
2019,65,M,NS
2020,65,M,NS
2021,65,M,NS
2022,65,M,NS
2023,65,M,NS
2001,65,M,S
2002,65,M,S
2003,65,M,S
2004,65,M,S
2005,65,M,S
2006,65,M,S
2007,65,M,S
2008,65,M,S
2009,65,M,S
2010,65,M,S
2011,65,M,S
2012,65,M,S
2013,65,M,S
2014,65,M,S
2015,65,M,S
2016,65,M,S
2017,65,M,S
2018,65,M,S
2019,65,M,S
2020,65,M,S
2021,65,M,S
2022,65,M,S
2023,65,M,S
2001,65,F,NS
2002,65,F,NS
2003,65,F,NS
2004,65,F,NS
2005,65,F,NS
2006,65,F,NS
2007,65,F,NS
2008,65,F,NS
2009,65,F,NS
2010,65,F,NS
2011,65,F,NS
2012,65,F,NS
2013,65,F,NS
2014,65,F,NS
2015,65,F,NS
2016,65,F,NS
2017,65,F,NS
2018,65,F,NS
2019,65,F,NS
2020,65,F,NS
2021,65,F,NS
2022,65,F,NS
2023,65,F,NS
2001,65,F,S
2002,65,F,S
2003,65,F,S
2004,65,F,S
2005,65,F,S
2006,65,F,S
2007,65,F,S
2008,65,F,S
2009,65,F,S
2010,65,F,S
2011,65,F,S
2012,65,F,S
2013,65,F,S
2014,65,F,S
2015,65,F,S
2016,65,F,S
2017,65,F,S
2018,65,F,S
2019,65,F,S
2020,65,F,S
2021,65,F,S
2022,65,F,S
2023,65,F,S